éûä‘[s],çÇìx[cm],âÒì]êî[rpm],ãCë¨ [m/s],,,,,,,,,,2240,30,20,0,,2446,30,40,0,,2534,30,20,0,,2734,30,20,0,,3092,30,20,0,,3314,30,20,0,,3560,30,20,0,,751,31,20,0,,837,31,20,0,,4200,1,20,196,,5076,30,20,112
0,0,0,2222,,,,,,,,,,2241,30,20,0,,2447,30,40,0,,2535,30,20,0,,2735,30,20,0,,3093,30,20,0,,3315,30,20,0,,3561,30,20,0,,752,31,20,0,,838,31,20,0,,4201,0,20,201,,5077,30,20,104
1,0,0,2222,,,,,,,,,,2242,30,20,0,,2448,30,40,0,,2536,30,20,0,,2736,30,20,0,,3094,30,20,0,,3316,30,20,0,,3562,30,20,0,,753,31,20,0,,839,31,20,0,,4202,0,20,201,,5078,30,20,98
2,0,0,2222,,,,,,,,,,2243,30,20,98,,2449,30,40,0,,2537,30,20,0,,2737,30,20,0,,3095,30,20,0,,3317,30,20,0,,3563,30,20,0,,754,31,20,0,,840,31,20,0,,4203,0,20,192,,5079,30,20,96
3,0,0,2222,,,,,,,,,,2244,30,20,98,,2450,30,40,0,,2538,30,20,0,,2738,30,20,0,,3096,30,20,0,,3318,30,20,0,,3564,30,80,0,,755,31,20,0,,841,31,40,0,,4204,0,20,189,,5080,0,20,90
4,0,0,2222,,,,,,,,,,2245,30,20,98,,2451,30,40,0,,2539,30,20,0,,2739,30,20,0,,3097,30,20,0,,3319,30,20,0,,3565,30,40,0,,756,31,20,0,,842,31,60,0,,4205,0,20,185,,5081,0,20,89
5,0,0,2222,,,,,,,,,,2246,30,20,0,,2452,30,40,0,,2540,30,20,0,,2740,30,40,0,,3098,30,20,64,,3320,30,20,0,,3566,30,40,0,,757,31,80,0,,843,31,60,369,,4206,0,40,182,,5082,30,60,89
6,0,0,2222,,,,,,,,,,2247,30,20,0,,2453,30,40,0,,2541,30,20,0,,2741,30,480,0,,3099,30,20,194,,3321,30,20,0,,3567,30,40,0,,758,31,300,0,,844,31,40,369,,4207,0,120,178,,5083,30,120,89
7,0,0,2222,,,,,,,,,,2248,30,20,0,,2454,30,40,0,,2542,30,20,0,,2742,30,580,99,,3100,30,20,290,,3322,30,20,0,,3568,30,40,0,,759,31,460,0,,845,31,20,369,,4208,0,120,159,,5084,30,160,86
8,0,0,2222,,,,,,,,,,2249,30,20,0,,2455,30,100,0,,2543,30,20,0,,2743,30,640,812,,3101,30,20,160,,3323,30,100,0,,3569,30,40,0,,760,31,500,0,,846,31,20,260,,4209,1,200,158,,5085,30,180,86
9,18,0,2222,,,,,,,,,,2250,30,20,0,,2456,30,300,0,,2544,30,20,0,,2744,30,700,1338,,3102,30,40,160,,3324,30,300,152,,3570,30,40,0,,761,31,520,122,,847,31,20,88,,4210,0,200,156,,5086,30,240,84
10,214,0,2222,,,,,,,,,,2251,30,20,0,,2457,30,560,0,,2545,30,20,0,,2745,30,720,1737,,3103,30,480,88,,3325,30,520,421,,3571,30,40,0,,762,31,520,122,,848,31,20,88,,4211,0,200,150,,5087,30,240,85
11,21,0,2222,,,,,,,,,,2252,30,20,0,,2458,30,600,0,,2546,30,380,0,,2746,30,720,2391,,3104,30,580,0,,3326,30,580,610,,3572,30,40,115,,763,31,540,266,,849,31,20,0,,4212,0,220,150,,5088,30,320,82
12,42,0,2222,,,,,,,,,,2253,30,20,0,,2459,30,600,0,,2547,30,600,0,,2747,30,720,1863,,3105,30,700,140,,3327,30,620,811,,3573,30,40,115,,764,31,540,422,,850,31,20,0,,4213,428,260,149,,5089,30,380,83
13,26,0,2222,,,,,,,,,,2254,30,20,0,,2460,30,620,0,,2548,30,620,0,,2748,30,740,1294,,3106,30,760,2535,,3328,30,640,659,,3574,30,40,115,,765,31,540,422,,851,31,20,144,,4214,0,260,149,,5090,30,400,83
14,63,0,2222,,,,,,,,,,2255,30,20,0,,2461,30,720,194,,2549,30,620,92,,2749,30,800,1100,,3107,30,720,2535,,3329,30,660,822,,3575,30,40,0,,766,31,540,300,,852,31,20,144,,4215,427,260,143,,5091,30,420,84
15,39,0,2222,,,,,,,,,,2256,30,20,0,,2462,30,800,750,,2550,30,760,692,,2750,30,880,1193,,3108,30,700,2860,,3330,30,660,1676,,3576,30,40,0,,767,31,500,300,,853,31,20,0,,4216,1,280,139,,5092,30,420,82
16,33,0,2222,,,,,,,,,,2257,30,20,0,,2463,30,640,1252,,2551,30,840,873,,2751,30,880,1150,,3109,30,720,3135,,3331,30,720,2173,,3577,30,40,0,,768,31,360,300,,854,31,20,0,,4217,1,280,137,,5093,30,420,86
17,29,0,2222,,,,,,,,,,2258,30,360,0,,2464,30,640,1016,,2552,30,880,1028,,2752,30,880,1583,,3110,30,780,1730,,3332,30,800,2042,,3578,30,140,0,,769,31,300,156,,855,31,20,0,,4218,0,320,132,,5094,30,440,86
18,93,0,2222,,,,,,,,,,2259,30,580,0,,2465,30,640,644,,2553,30,880,1254,,2753,30,860,1757,,3111,30,800,1820,,3333,30,840,1016,,3579,30,640,0,,770,31,220,68,,856,31,60,0,,4219,0,360,124,,5095,30,440,90
19,88,0,2222,,,,,,,,,,2260,30,700,0,,2466,30,240,660,,2554,30,860,1154,,2754,30,860,2279,,3112,30,820,2306,,3334,30,900,1440,,3580,30,640,961,,771,31,120,68,,857,31,280,146,,4220,0,340,119,,5096,30,460,94
20,54,0,2222,,,,,,,,,,2261,30,680,72,,2467,30,240,198,,2555,30,820,787,,2755,30,820,1824,,3113,30,860,1806,,3335,30,940,1495,,3581,30,740,1352,,772,77,20,68,,858,31,520,146,,4221,1,340,119,,5097,30,460,98
21,209,0,2222,,,,,,,,,,2262,30,600,215,,2468,30,40,73,,2556,30,780,307,,2756,30,800,2446,,3114,30,860,2083,,3336,30,920,1494,,3582,30,780,1934,,773,31,20,0,,859,31,600,146,,4222,0,340,124,,5098,451,460,99
22,27,0,2222,,,,,,,,,,2263,30,660,412,,2469,30,40,73,,2557,30,800,186,,2757,30,800,2558,,3115,30,840,1032,,3337,30,940,900,,3583,30,780,3052,,774,31,20,0,,860,31,660,146,,4223,0,360,127,,5099,451,480,99
23,210,0,2222,,,,,,,,,,2264,30,720,582,,2470,30,40,0,,2558,30,800,124,,2758,30,800,2255,,3116,30,820,1192,,3338,30,940,1310,,3584,30,780,2921,,775,31,20,0,,861,31,700,0,,4224,0,360,126,,5100,451,480,98
24,84,0,2222,,,,,,,,,,2265,30,680,1002,,2471,30,40,148,,2559,30,800,249,,2759,30,780,1882,,3117,32,820,1646,,3339,30,940,1522,,3585,30,920,2653,,776,31,20,0,,862,31,720,0,,4225,0,360,123,,5101,450,480,93
25,209,0,2222,,,,,,,,,,2266,30,720,1179,,2472,30,40,148,,2560,30,800,351,,2760,30,780,1112,,3118,32,840,1614,,3340,30,940,4455,,3586,18,920,1650,,777,31,20,0,,863,31,780,554,,4226,424,360,122,,5102,4,480,90
26,210,20,2222,,,,,,,,,,2267,30,820,1272,,2473,30,40,115,,2561,30,780,262,,2761,30,800,1488,,3119,30,860,1425,,3341,30,940,3763,,3587,0,920,927,,778,31,20,0,,864,31,820,554,,4227,0,380,121,,5103,4,460,85
27,210,20,2222,,,,,,,,,,2268,30,880,1372,,2474,30,40,0,,2562,30,780,266,,2762,31,800,912,,3120,30,860,714,,3342,30,940,478,,3588,0,920,988,,,,,,,865,31,860,554,,4228,0,380,122,,5104,4,460,85
28,210,20,2222,,,,,,,,,,2269,30,880,1308,,2475,30,40,0,,2563,30,760,449,,2763,31,320,1720,,3121,30,880,1044,,3343,30,920,1592,,3589,0,920,1835,,,,,,,866,31,880,548,,4229,0,380,124,,5105,4,480,90
29,38,20,2222,,,,,,,,,,2270,30,860,1935,,2476,30,40,0,,2564,30,740,2915,,2764,30,320,2725,,3122,2,880,1003,,3344,30,880,1549,,3590,8,920,2174,,,,,,,867,145,880,1512,,4230,424,380,128,,5106,4,500,91
30,211,20,2222,,,,,,,,,,2271,30,860,3345,,2477,30,40,0,,2565,30,760,3291,,2765,30,320,1309,,3123,2,880,964,,3345,30,880,1813,,3591,0,880,2174,,,,,,,868,0,860,1886,,4231,0,380,130,,5107,4,500,97
31,211,20,2222,,,,,,,,,,2272,30,860,4399,,2478,30,40,0,,2566,30,760,2468,,2766,30,140,165,,3124,30,900,1259,,3346,30,880,2698,,3592,0,880,2152,,,,,,,869,351,880,1886,,4232,1,380,130,,5108,4,500,98
32,210,20,2222,,,,,,,,,,2273,30,880,5134,,2479,30,40,0,,2567,30,820,4119,,2767,30,140,24,,3125,30,900,6515,,3347,31,900,3206,,3593,1,880,1964,,,,,,,870,1,880,1886,,4233,0,380,136,,5109,4,480,99
33,210,20,2222,,,,,,,,,,2274,30,840,3341,,2480,30,40,0,,2568,30,780,4289,,2768,30,20,1176,,3126,30,920,7120,,3348,31,940,5200,,3594,0,880,2304,,,,,,,871,0,920,1886,,4234,0,380,140,,5110,439,480,100
34,210,20,2222,,,,,,,,,,2275,30,840,1666,,2481,30,40,0,,2569,30,580,3777,,2769,30,20,1176,,3127,30,920,4081,,3349,30,940,3423,,3595,42,880,2304,,,,,,,872,56,920,1106,,4235,0,380,142,,5111,439,500,106
35,90,20,2222,,,,,,,,,,2276,30,860,1262,,2482,30,40,0,,2570,30,360,250,,2770,30,20,1256,,3128,30,920,2188,,3350,30,920,1654,,3596,0,880,1447,,,,,,,873,32,920,1106,,4236,1,380,142,,5112,3,500,109
36,87,20,2222,,,,,,,,,,2277,30,860,992,,2483,30,40,0,,2571,30,260,234,,2771,30,20,104,,3129,30,920,1587,,3351,30,880,962,,3597,9,880,1447,,,,,,,874,7,920,1202,,4237,423,400,150,,5113,3,480,116
37,25,20,2222,,,,,,,,,,2278,30,840,825,,2484,30,40,0,,2572,30,200,153,,2772,30,20,104,,3130,30,920,1323,,3352,31,880,5152,,3598,0,860,1447,,,,,,,875,8,960,1202,,4238,0,380,150,,5114,3,500,115
38,50,20,2222,,,,,,,,,,2279,30,820,774,,2485,30,40,0,,2573,30,220,153,,2773,30,20,0,,3131,30,920,1002,,3353,31,880,5848,,3599,0,860,1455,,,,,,,876,0,960,1202,,4239,429,400,162,,5115,24,500,110
39,210,20,2222,,,,,,,,,,2280,30,780,668,,2486,30,20,0,,2574,30,160,0,,2774,30,20,101,,3132,30,900,856,,3354,31,880,1536,,3600,0,860,1628,,,,,,,877,28,960,1828,,4240,2,400,162,,5116,24,500,107
40,210,20,2222,,,,,,,,,,2281,30,800,574,,2487,30,20,0,,2575,30,40,0,,2775,30,20,101,,3133,30,880,698,,3355,30,880,1126,,3601,1,860,1628,,,,,,,878,12,960,1828,,4241,0,400,201,,5117,14,500,106
41,210,20,2222,,,,,,,,,,2282,31,760,501,,,,,,,2576,30,20,0,,2776,30,20,254,,3134,30,880,674,,3356,30,860,618,,3602,2,860,1218,,,,,,,879,6,960,1828,,4242,0,400,213,,5118,14,500,104
42,210,20,2222,,,,,,,,,,2283,31,480,470,,,,,,,2577,30,20,0,,2777,30,20,461,,3135,30,880,581,,3357,0,860,618,,3603,2,860,1110,,,,,,,880,24,960,1904,,4243,0,400,225,,5119,3,500,102
43,21,20,2222,,,,,,,,,,2284,30,280,522,,,,,,,,,,,,2778,30,20,535,,3136,30,880,507,,3358,0,860,618,,3604,94,860,1216,,,,,,,881,54,960,1904,,4244,0,400,239,,5120,3,500,88
44,210,20,2222,,,,,,,,,,2285,30,120,620,,,,,,,,,,,,2779,30,20,3418,,3137,30,880,411,,3359,0,860,618,,3605,0,860,1216,,,,,,,882,25,920,1904,,4245,0,400,239,,5121,3,500,83
45,210,20,2222,,,,,,,,,,2286,30,20,904,,,,,,,,,,,,2780,30,20,3210,,3138,30,880,357,,3360,0,860,618,,3606,0,860,1808,,,,,,,883,82,920,1555,,4246,1,400,239,,5122,3,500,84
46,95,20,2222,,,,,,,,,,2287,30,20,904,,,,,,,,,,,,2781,30,20,3109,,3139,30,900,352,,3361,0,860,618,,3607,1,860,1808,,,,,,,884,0,920,1555,,4247,0,400,261,,5123,3,520,84
47,86,20,2222,,,,,,,,,,2288,30,20,2218,,,,,,,,,,,,2782,30,20,0,,3140,30,900,327,,3362,0,860,618,,3608,3,860,2389,,,,,,,885,9,920,1555,,4248,2,400,264,,5124,3,520,86
48,210,20,2222,,,,,,,,,,2289,30,20,2413,,,,,,,,,,,,,,,,,3141,30,880,312,,3363,14,860,618,,3609,83,860,2317,,,,,,,886,13,900,1555,,4249,0,400,262,,5125,3,520,87
,,,,,,,,,,,,,2290,30,20,2778,,,,,,,,,,,,,,,,,3142,30,880,287,,3364,3,860,618,,3610,0,860,2317,,,,,,,887,1,900,1555,,4250,0,420,262,,5126,3,520,90
,,,,,,,,,,,,,2291,30,20,3077,,,,,,,,,,,,,,,,,3143,30,860,276,,3365,2,860,618,,3611,35,860,2881,,,,,,,888,6,900,1822,,4251,0,420,262,,5127,3,520,92
,,,,,,,,,,,,,2292,30,20,3589,,,,,,,,,,,,,,,,,3144,30,880,262,,3366,0,860,618,,3612,1,860,2881,,,,,,,889,0,880,1822,,4252,1,420,262,,5128,3,520,92
,,,,,,,,,,,,,2293,30,20,3976,,,,,,,,,,,,,,,,,3145,30,880,244,,3367,0,860,618,,3613,0,860,3402,,,,,,,890,17,880,8329,,4253,0,400,262,,5129,3,520,91
,,,,,,,,,,,,,2294,30,20,4660,,,,,,,,,,,,,,,,,3146,30,860,234,,3368,63,860,618,,3614,30,860,3402,,,,,,,891,17,880,8676,,4254,0,400,262,,5130,3,500,88
,,,,,,,,,,,,,2295,30,20,5624,,,,,,,,,,,,,,,,,3147,30,840,231,,3369,0,860,618,,3615,0,860,2845,,,,,,,892,17,860,6688,,4255,2,400,262,,5131,3,520,87
,,,,,,,,,,,,,2296,30,20,7562,,,,,,,,,,,,,,,,,3148,30,840,235,,3370,15,860,618,,3616,0,860,2319,,,,,,,893,30,860,4015,,4256,0,420,256,,5132,3,500,90
,,,,,,,,,,,,,2297,30,20,9535,,,,,,,,,,,,,,,,,3149,30,740,244,,3371,3,860,618,,3617,1,860,2319,,,,,,,894,30,860,3546,,4257,0,400,251,,5133,3,500,91
,,,,,,,,,,,,,2298,30,20,1788,,,,,,,,,,,,,,,,,3150,30,740,256,,3372,70,860,618,,3618,0,860,2728,,,,,,,895,30,860,1705,,4258,0,420,246,,5134,3,520,96
,,,,,,,,,,,,,,,,,,,,,,,,,,,,,,,,,3151,30,520,277,,3373,11,860,618,,3619,0,860,2728,,,,,,,896,2,860,1035,,4259,0,420,238,,5135,3,520,99
,,,,,,,,,,,,,,,,,,,,,,,,,,,,,,,,,3152,30,520,318,,3374,2,860,618,,3620,125,860,2728,,,,,,,897,30,860,760,,4260,1,420,238,,5136,19,520,96
,,,,,,,,,,,,,,,,,,,,,,,,,,,,,,,,,3153,30,260,372,,3375,4,880,549,,3621,0,860,1950,,,,,,,898,0,860,760,,4261,1,420,238,,5137,19,520,92
,,,,,,,,,,,,,,,,,,,,,,,,,,,,,,,,,3154,30,180,446,,3376,2,880,549,,3622,25,860,1950,,,,,,,899,30,860,628,,4262,0,420,238,,5138,3,540,90
,,,,,,,,,,,,,,,,,,,,,,,,,,,,,,,,,3155,30,100,488,,3377,0,880,547,,3623,103,860,1446,,,,,,,900,0,860,628,,4263,0,420,238,,5139,3,540,81
,,,,,,,,,,,,,,,,,,,,,,,,,,,,,,,,,3156,30,40,591,,3378,16,880,744,,3624,0,860,1446,,,,,,,901,2,880,628,,4264,0,440,224,,5140,3,520,76
,,,,,,,,,,,,,,,,,,,,,,,,,,,,,,,,,3157,30,40,726,,3379,0,880,786,,3625,0,860,1446,,,,,,,902,1,880,407,,4265,0,440,224,,5141,19,520,79
,,,,,,,,,,,,,,,,,,,,,,,,,,,,,,,,,3158,30,20,901,,3380,30,880,786,,3626,0,860,1274,,,,,,,903,1,880,344,,4266,0,420,198,,5142,19,540,86
,,,,,,,,,,,,,,,,,,,,,,,,,,,,,,,,,3159,30,20,1130,,3381,0,880,975,,3627,0,860,1274,,,,,,,904,7,880,291,,4267,0,420,198,,5143,19,540,93
,,,,,,,,,,,,,,,,,,,,,,,,,,,,,,,,,3160,30,20,1392,,3382,1,880,957,,3628,0,880,1274,,,,,,,905,3,940,291,,4268,0,420,192,,5144,19,560,103
,,,,,,,,,,,,,,,,,,,,,,,,,,,,,,,,,3161,30,20,1834,,3383,30,880,944,,3629,0,880,869,,,,,,,906,4,940,257,,4269,0,440,192,,5145,3,560,106
,,,,,,,,,,,,,,,,,,,,,,,,,,,,,,,,,3162,30,20,2181,,3384,16,440,948,,3630,0,880,869,,,,,,,907,5,940,241,,4270,0,440,206,,5146,3,540,116
,,,,,,,,,,,,,,,,,,,,,,,,,,,,,,,,,3163,30,20,2853,,3385,0,440,989,,3631,0,880,597,,,,,,,908,4,960,223,,4271,0,420,206,,5147,3,540,126
,,,,,,,,,,,,,,,,,,,,,,,,,,,,,,,,,3164,30,20,3616,,3386,0,300,1066,,3632,0,860,597,,,,,,,909,11,960,207,,4272,1,440,254,,5148,3,540,129
,,,,,,,,,,,,,,,,,,,,,,,,,,,,,,,,,3165,30,20,5941,,3387,30,200,1121,,3633,0,860,550,,,,,,,910,0,960,207,,4273,2,460,254,,5149,3,540,132
,,,,,,,,,,,,,,,,,,,,,,,,,,,,,,,,,3166,30,20,6836,,3388,30,200,1288,,3634,0,860,643,,,,,,,911,2,960,187,,4274,2,460,254,,5150,3,560,132
,,,,,,,,,,,,,,,,,,,,,,,,,,,,,,,,,3167,30,20,6252,,3389,30,200,1506,,3635,0,860,643,,,,,,,912,1,960,178,,4275,3,460,254,,5151,3,540,137
,,,,,,,,,,,,,,,,,,,,,,,,,,,,,,,,,3168,30,20,2880,,3390,30,180,1731,,3636,13,860,708,,,,,,,913,1,960,178,,4276,0,460,262,,5152,3,540,142
,,,,,,,,,,,,,,,,,,,,,,,,,,,,,,,,,3169,30,20,0,,3391,30,60,1994,,3637,2,860,708,,,,,,,914,0,960,166,,4277,3,440,262,,5153,3,540,144
,,,,,,,,,,,,,,,,,,,,,,,,,,,,,,,,,3170,30,20,0,,3392,30,20,2095,,3638,0,860,708,,,,,,,915,0,960,166,,4278,1,440,285,,5154,23,560,144
,,,,,,,,,,,,,,,,,,,,,,,,,,,,,,,,,3171,30,40,0,,3393,30,20,2359,,3639,0,860,708,,,,,,,916,34,960,166,,4279,1,440,285,,5155,23,540,145
,,,,,,,,,,,,,,,,,,,,,,,,,,,,,,,,,3172,30,80,0,,3394,30,20,2593,,3640,11,860,708,,,,,,,917,64,960,161,,4280,3,440,282,,5156,23,560,141
,,,,,,,,,,,,,,,,,,,,,,,,,,,,,,,,,3173,30,60,0,,3395,30,20,3095,,3641,3,860,708,,,,,,,918,0,960,161,,4281,1,440,282,,5157,23,560,137
,,,,,,,,,,,,,,,,,,,,,,,,,,,,,,,,,3174,30,40,0,,3396,30,20,3402,,3642,17,860,708,,,,,,,919,7,960,161,,4282,0,440,284,,5158,3,540,137
,,,,,,,,,,,,,,,,,,,,,,,,,,,,,,,,,3175,30,20,0,,3397,30,40,3685,,3643,13,860,682,,,,,,,920,0,960,155,,4283,1,420,284,,5159,3,540,128
,,,,,,,,,,,,,,,,,,,,,,,,,,,,,,,,,3176,30,20,0,,3398,30,40,3999,,3644,13,860,682,,,,,,,921,0,940,155,,4284,0,440,290,,5160,3,560,124
,,,,,,,,,,,,,,,,,,,,,,,,,,,,,,,,,3177,30,20,0,,3399,30,40,4781,,3645,23,860,682,,,,,,,922,30,940,155,,4285,1,440,290,,5161,3,560,112
,,,,,,,,,,,,,,,,,,,,,,,,,,,,,,,,,3178,30,20,0,,3400,30,20,5154,,3646,9,860,2145,,,,,,,923,12,940,155,,4286,0,440,290,,5162,10,540,110
,,,,,,,,,,,,,,,,,,,,,,,,,,,,,,,,,,,,,,3401,30,20,6159,,3647,2,860,2145,,,,,,,924,2,940,155,,4287,0,460,290,,5163,10,560,106
,,,,,,,,,,,,,,,,,,,,,,,,,,,,,,,,,,,,,,3402,30,20,7915,,3648,10,860,2145,,,,,,,925,22,920,155,,4288,0,460,300,,5164,3,580,102
,,,,,,,,,,,,,,,,,,,,,,,,,,,,,,,,,,,,,,3403,30,20,5462,,3649,7,860,1958,,,,,,,926,0,920,155,,4289,1,440,300,,5165,3,560,101
,,,,,,,,,,,,,,,,,,,,,,,,,,,,,,,,,,,,,,3404,30,20,4247,,3650,34,860,1958,,,,,,,927,5,920,140,,4290,1,440,300,,5166,3,540,99
,,,,,,,,,,,,,,,,,,,,,,,,,,,,,,,,,,,,,,3405,30,20,0,,3651,7,860,1958,,,,,,,928,2,920,140,,4291,1,440,300,,5167,3,560,92
,,,,,,,,,,,,,,,,,,,,,,,,,,,,,,,,,,,,,,3406,30,20,0,,3652,0,860,2398,,,,,,,929,0,920,137,,4292,1,440,300,,5168,3,560,88
,,,,,,,,,,,,,,,,,,,,,,,,,,,,,,,,,,,,,,3407,30,20,0,,3653,7,860,2398,,,,,,,930,10,920,137,,4293,1,460,300,,5169,15,560,87
,,,,,,,,,,,,,,,,,,,,,,,,,,,,,,,,,,,,,,3408,30,20,115,,3654,0,880,2398,,,,,,,931,8,920,137,,4294,1,440,300,,5170,3,560,88
,,,,,,,,,,,,,,,,,,,,,,,,,,,,,,,,,,,,,,3409,30,20,115,,3655,11,880,2398,,,,,,,932,11,920,134,,4295,1,440,300,,5171,15,560,86
,,,,,,,,,,,,,,,,,,,,,,,,,,,,,,,,,,,,,,3410,30,20,0,,3656,2,880,2398,,,,,,,933,0,920,134,,4296,1,440,350,,5172,15,560,85
,,,,,,,,,,,,,,,,,,,,,,,,,,,,,,,,,,,,,,,,,,,3657,1,880,2398,,,,,,,934,98,920,132,,4297,3,440,350,,5173,3,560,86
,,,,,,,,,,,,,,,,,,,,,,,,,,,,,,,,,,,,,,,,,,,3658,22,880,2398,,,,,,,935,0,920,132,,4298,0,440,352,,5174,10,560,90
,,,,,,,,,,,,,,,,,,,,,,,,,,,,,,,,,,,,,,,,,,,3659,42,880,2398,,,,,,,936,79,920,122,,4299,0,440,354,,5175,10,580,92
,,,,,,,,,,,,,,,,,,,,,,,,,,,,,,,,,,,,,,,,,,,3660,2,880,2398,,,,,,,937,1,920,122,,4300,0,440,352,,5176,3,580,90
,,,,,,,,,,,,,,,,,,,,,,,,,,,,,,,,,,,,,,,,,,,3661,4,880,1490,,,,,,,938,15,920,123,,4301,2,460,356,,5177,15,580,89
,,,,,,,,,,,,,,,,,,,,,,,,,,,,,,,,,,,,,,,,,,,3662,11,880,1490,,,,,,,939,2,920,123,,4302,0,460,360,,5178,10,560,88
,,,,,,,,,,,,,,,,,,,,,,,,,,,,,,,,,,,,,,,,,,,3663,12,880,1490,,,,,,,940,54,920,120,,4303,3,460,360,,5179,10,560,85
,,,,,,,,,,,,,,,,,,,,,,,,,,,,,,,,,,,,,,,,,,,3664,2,880,1676,,,,,,,941,0,920,120,,4304,0,460,374,,5180,3,560,77
,,,,,,,,,,,,,,,,,,,,,,,,,,,,,,,,,,,,,,,,,,,3665,1,900,1397,,,,,,,942,3,920,118,,4305,0,460,388,,5181,3,560,68
,,,,,,,,,,,,,,,,,,,,,,,,,,,,,,,,,,,,,,,,,,,3666,0,900,1397,,,,,,,943,36,920,118,,4306,0,460,388,,5182,10,560,70
,,,,,,,,,,,,,,,,,,,,,,,,,,,,,,,,,,,,,,,,,,,3667,0,900,1231,,,,,,,944,24,920,118,,4307,1,460,430,,5183,10,560,71
,,,,,,,,,,,,,,,,,,,,,,,,,,,,,,,,,,,,,,,,,,,3668,0,900,1231,,,,,,,945,2,920,117,,4308,0,460,458,,5184,3,560,74
,,,,,,,,,,,,,,,,,,,,,,,,,,,,,,,,,,,,,,,,,,,3669,7,900,1231,,,,,,,946,26,920,117,,4309,2,460,478,,5185,3,580,74
,,,,,,,,,,,,,,,,,,,,,,,,,,,,,,,,,,,,,,,,,,,3670,0,900,1801,,,,,,,947,4,920,117,,4310,0,460,478,,5186,3,580,78
,,,,,,,,,,,,,,,,,,,,,,,,,,,,,,,,,,,,,,,,,,,3671,13,900,1801,,,,,,,948,14,920,116,,4311,1,440,473,,5187,3,580,81
,,,,,,,,,,,,,,,,,,,,,,,,,,,,,,,,,,,,,,,,,,,3672,1,900,1801,,,,,,,949,96,920,116,,4312,0,440,467,,5188,15,580,81
,,,,,,,,,,,,,,,,,,,,,,,,,,,,,,,,,,,,,,,,,,,3673,197,900,1801,,,,,,,950,0,940,110,,4313,1,460,471,,5189,3,560,83
,,,,,,,,,,,,,,,,,,,,,,,,,,,,,,,,,,,,,,,,,,,3674,2,900,1801,,,,,,,951,6,940,110,,4314,0,460,470,,5190,3,560,80
,,,,,,,,,,,,,,,,,,,,,,,,,,,,,,,,,,,,,,,,,,,3675,0,900,1801,,,,,,,952,1,940,110,,4315,0,460,465,,5191,3,560,80
,,,,,,,,,,,,,,,,,,,,,,,,,,,,,,,,,,,,,,,,,,,3676,30,900,2277,,,,,,,953,30,940,110,,4316,0,460,464,,5192,3,580,81
,,,,,,,,,,,,,,,,,,,,,,,,,,,,,,,,,,,,,,,,,,,3677,15,900,2277,,,,,,,954,107,920,110,,4317,0,460,446,,5193,3,580,80
,,,,,,,,,,,,,,,,,,,,,,,,,,,,,,,,,,,,,,,,,,,3678,1,900,2277,,,,,,,955,83,920,110,,4318,0,460,434,,5194,15,600,81
,,,,,,,,,,,,,,,,,,,,,,,,,,,,,,,,,,,,,,,,,,,3679,0,900,2277,,,,,,,956,22,920,101,,4319,1,480,434,,5195,15,620,85
,,,,,,,,,,,,,,,,,,,,,,,,,,,,,,,,,,,,,,,,,,,3680,69,900,2277,,,,,,,957,0,920,100,,4320,0,480,388,,5196,3,640,94
,,,,,,,,,,,,,,,,,,,,,,,,,,,,,,,,,,,,,,,,,,,3681,1,900,2277,,,,,,,958,0,920,100,,4321,0,440,374,,5197,3,700,94
,,,,,,,,,,,,,,,,,,,,,,,,,,,,,,,,,,,,,,,,,,,3682,0,900,2277,,,,,,,959,15,920,101,,4322,2,440,376,,5198,3,780,86
,,,,,,,,,,,,,,,,,,,,,,,,,,,,,,,,,,,,,,,,,,,3683,54,880,2277,,,,,,,960,191,920,101,,4323,4,440,385,,5199,0,900,81
,,,,,,,,,,,,,,,,,,,,,,,,,,,,,,,,,,,,,,,,,,,3684,2,880,2277,,,,,,,961,5,940,102,,4324,0,440,400,,5200,0,980,72
,,,,,,,,,,,,,,,,,,,,,,,,,,,,,,,,,,,,,,,,,,,3685,2,880,1114,,,,,,,962,263,940,102,,4325,0,440,409,,5201,28,980,65
,,,,,,,,,,,,,,,,,,,,,,,,,,,,,,,,,,,,,,,,,,,3686,46,880,1114,,,,,,,963,1,940,102,,4326,1,440,409,,5202,104,980,42
,,,,,,,,,,,,,,,,,,,,,,,,,,,,,,,,,,,,,,,,,,,3687,15,880,773,,,,,,,964,132,940,102,,4327,0,460,452,,5203,167,940,30
,,,,,,,,,,,,,,,,,,,,,,,,,,,,,,,,,,,,,,,,,,,3688,1,880,773,,,,,,,965,0,920,97,,4328,0,460,488,,5204,3,940,26
,,,,,,,,,,,,,,,,,,,,,,,,,,,,,,,,,,,,,,,,,,,3689,1,880,773,,,,,,,966,6,920,97,,4329,0,440,500,,5205,11,920,14
,,,,,,,,,,,,,,,,,,,,,,,,,,,,,,,,,,,,,,,,,,,3690,0,880,1584,,,,,,,967,14,920,97,,4330,0,440,509,,5206,8,920,14
,,,,,,,,,,,,,,,,,,,,,,,,,,,,,,,,,,,,,,,,,,,3691,1,880,1584,,,,,,,968,0,920,94,,4331,3,460,505,,5207,4,920,14
,,,,,,,,,,,,,,,,,,,,,,,,,,,,,,,,,,,,,,,,,,,3692,0,880,1584,,,,,,,969,2,920,94,,4332,0,460,500,,5208,10,920,14
,,,,,,,,,,,,,,,,,,,,,,,,,,,,,,,,,,,,,,,,,,,3693,3,880,1584,,,,,,,970,1,920,94,,4333,0,460,498,,5209,3,920,16
,,,,,,,,,,,,,,,,,,,,,,,,,,,,,,,,,,,,,,,,,,,3694,4,880,1584,,,,,,,971,5,920,94,,4334,4,460,497,,5210,8,920,16
,,,,,,,,,,,,,,,,,,,,,,,,,,,,,,,,,,,,,,,,,,,3695,0,880,1584,,,,,,,972,100,920,94,,4335,0,460,494,,5211,367,900,16
,,,,,,,,,,,,,,,,,,,,,,,,,,,,,,,,,,,,,,,,,,,3696,0,880,4606,,,,,,,973,146,920,95,,4336,0,460,489,,5212,31,900,16
,,,,,,,,,,,,,,,,,,,,,,,,,,,,,,,,,,,,,,,,,,,3697,13,880,4606,,,,,,,974,2,920,95,,4337,4,460,484,,5213,9,960,16
,,,,,,,,,,,,,,,,,,,,,,,,,,,,,,,,,,,,,,,,,,,3698,13,880,4606,,,,,,,975,39,920,92,,4338,3,440,465,,5214,332,960,16
,,,,,,,,,,,,,,,,,,,,,,,,,,,,,,,,,,,,,,,,,,,3699,1,880,4942,,,,,,,976,4,920,92,,4339,0,440,434,,5215,62,1000,27
,,,,,,,,,,,,,,,,,,,,,,,,,,,,,,,,,,,,,,,,,,,3700,21,880,4942,,,,,,,977,67,920,92,,4340,1,460,434,,5216,14,900,30
,,,,,,,,,,,,,,,,,,,,,,,,,,,,,,,,,,,,,,,,,,,3701,59,880,4942,,,,,,,978,120,920,82,,4341,0,460,374,,5217,0,900,30
,,,,,,,,,,,,,,,,,,,,,,,,,,,,,,,,,,,,,,,,,,,3702,84,880,4404,,,,,,,979,30,920,82,,4342,1,460,331,,5218,0,640,51
,,,,,,,,,,,,,,,,,,,,,,,,,,,,,,,,,,,,,,,,,,,3703,35,880,4404,,,,,,,980,18,920,82,,4343,1,460,312,,5219,0,240,55
,,,,,,,,,,,,,,,,,,,,,,,,,,,,,,,,,,,,,,,,,,,3704,1,880,4404,,,,,,,981,87,920,82,,4344,2,460,312,,5220,0,60,75
,,,,,,,,,,,,,,,,,,,,,,,,,,,,,,,,,,,,,,,,,,,3705,0,880,4404,,,,,,,982,1,920,82,,4345,0,460,257,,5221,0,80,88
,,,,,,,,,,,,,,,,,,,,,,,,,,,,,,,,,,,,,,,,,,,3706,69,880,4404,,,,,,,983,10,920,75,,4346,1,460,257,,5222,0,80,98
,,,,,,,,,,,,,,,,,,,,,,,,,,,,,,,,,,,,,,,,,,,3707,65,880,4404,,,,,,,984,0,920,75,,4347,1,460,257,,5223,0,60,101
,,,,,,,,,,,,,,,,,,,,,,,,,,,,,,,,,,,,,,,,,,,3708,5,880,2092,,,,,,,985,21,920,76,,4348,0,460,257,,,,,
,,,,,,,,,,,,,,,,,,,,,,,,,,,,,,,,,,,,,,,,,,,3709,3,880,2092,,,,,,,986,1,920,66,,4349,1,460,257,,,,,
,,,,,,,,,,,,,,,,,,,,,,,,,,,,,,,,,,,,,,,,,,,3710,206,900,1744,,,,,,,987,1,920,63,,4350,1,460,257,,,,,
,,,,,,,,,,,,,,,,,,,,,,,,,,,,,,,,,,,,,,,,,,,3711,0,900,1744,,,,,,,988,0,920,63,,4351,1,460,257,,,,,
,,,,,,,,,,,,,,,,,,,,,,,,,,,,,,,,,,,,,,,,,,,3712,0,900,1744,,,,,,,989,4,940,63,,4352,0,460,196,,,,,
,,,,,,,,,,,,,,,,,,,,,,,,,,,,,,,,,,,,,,,,,,,3713,22,900,1744,,,,,,,990,3,940,63,,4353,0,460,192,,,,,
,,,,,,,,,,,,,,,,,,,,,,,,,,,,,,,,,,,,,,,,,,,3714,0,900,1252,,,,,,,991,0,940,63,,4354,4,460,187,,,,,
,,,,,,,,,,,,,,,,,,,,,,,,,,,,,,,,,,,,,,,,,,,3715,148,880,1252,,,,,,,992,5,940,63,,4355,1,460,189,,,,,
,,,,,,,,,,,,,,,,,,,,,,,,,,,,,,,,,,,,,,,,,,,3716,242,880,1252,,,,,,,993,1,940,63,,4356,1,460,191,,,,,
,,,,,,,,,,,,,,,,,,,,,,,,,,,,,,,,,,,,,,,,,,,3717,0,880,1252,,,,,,,994,0,940,63,,4357,0,480,196,,,,,
,,,,,,,,,,,,,,,,,,,,,,,,,,,,,,,,,,,,,,,,,,,3718,250,880,1252,,,,,,,995,1,940,63,,4358,0,480,196,,,,,
,,,,,,,,,,,,,,,,,,,,,,,,,,,,,,,,,,,,,,,,,,,3719,0,880,1048,,,,,,,996,8,940,63,,4359,1,480,196,,,,,
,,,,,,,,,,,,,,,,,,,,,,,,,,,,,,,,,,,,,,,,,,,3720,0,880,969,,,,,,,997,25,940,63,,4360,0,480,196,,,,,
,,,,,,,,,,,,,,,,,,,,,,,,,,,,,,,,,,,,,,,,,,,3721,600,900,959,,,,,,,998,35,940,63,,4361,1,480,196,,,,,
,,,,,,,,,,,,,,,,,,,,,,,,,,,,,,,,,,,,,,,,,,,3722,41,880,959,,,,,,,999,3,940,63,,4362,0,480,252,,,,,
,,,,,,,,,,,,,,,,,,,,,,,,,,,,,,,,,,,,,,,,,,,3723,0,880,959,,,,,,,1000,2,940,63,,4363,2,480,253,,,,,
,,,,,,,,,,,,,,,,,,,,,,,,,,,,,,,,,,,,,,,,,,,3724,0,880,959,,,,,,,1001,7,940,63,,4364,0,460,256,,,,,
,,,,,,,,,,,,,,,,,,,,,,,,,,,,,,,,,,,,,,,,,,,3725,0,880,770,,,,,,,1002,0,920,63,,4365,0,460,258,,,,,
,,,,,,,,,,,,,,,,,,,,,,,,,,,,,,,,,,,,,,,,,,,3726,0,880,770,,,,,,,1003,18,920,63,,4366,2,460,258,,,,,
,,,,,,,,,,,,,,,,,,,,,,,,,,,,,,,,,,,,,,,,,,,3727,61,880,770,,,,,,,1004,142,920,63,,4367,0,480,254,,,,,
,,,,,,,,,,,,,,,,,,,,,,,,,,,,,,,,,,,,,,,,,,,3728,226,880,680,,,,,,,1005,78,920,46,,4368,1,480,254,,,,,
,,,,,,,,,,,,,,,,,,,,,,,,,,,,,,,,,,,,,,,,,,,3729,20,880,680,,,,,,,1006,12,920,46,,4369,1,480,254,,,,,
,,,,,,,,,,,,,,,,,,,,,,,,,,,,,,,,,,,,,,,,,,,3730,4,880,655,,,,,,,1007,4,920,46,,4370,1,480,254,,,,,
,,,,,,,,,,,,,,,,,,,,,,,,,,,,,,,,,,,,,,,,,,,3731,659,880,655,,,,,,,1008,0,900,46,,4371,1,480,254,,,,,
,,,,,,,,,,,,,,,,,,,,,,,,,,,,,,,,,,,,,,,,,,,3732,1,880,655,,,,,,,1009,33,900,46,,4372,1,460,254,,,,,
,,,,,,,,,,,,,,,,,,,,,,,,,,,,,,,,,,,,,,,,,,,3733,4,880,608,,,,,,,1010,92,900,58,,4373,1,460,254,,,,,
,,,,,,,,,,,,,,,,,,,,,,,,,,,,,,,,,,,,,,,,,,,3734,54,880,580,,,,,,,1011,2,900,58,,4374,1,460,254,,,,,
,,,,,,,,,,,,,,,,,,,,,,,,,,,,,,,,,,,,,,,,,,,3735,0,860,580,,,,,,,1012,229,900,56,,4375,0,440,254,,,,,
,,,,,,,,,,,,,,,,,,,,,,,,,,,,,,,,,,,,,,,,,,,3736,4,860,580,,,,,,,1013,44,900,56,,4376,0,420,254,,,,,
,,,,,,,,,,,,,,,,,,,,,,,,,,,,,,,,,,,,,,,,,,,3737,341,860,580,,,,,,,1014,2,920,56,,4377,1,460,254,,,,,
,,,,,,,,,,,,,,,,,,,,,,,,,,,,,,,,,,,,,,,,,,,3738,0,860,580,,,,,,,1015,199,920,62,,4378,1,460,254,,,,,
,,,,,,,,,,,,,,,,,,,,,,,,,,,,,,,,,,,,,,,,,,,3739,174,860,534,,,,,,,1016,2,920,62,,4379,0,460,254,,,,,
,,,,,,,,,,,,,,,,,,,,,,,,,,,,,,,,,,,,,,,,,,,3740,16,880,534,,,,,,,1017,0,920,62,,4380,4,460,255,,,,,
,,,,,,,,,,,,,,,,,,,,,,,,,,,,,,,,,,,,,,,,,,,3741,1,880,534,,,,,,,1018,4,920,62,,4381,2,460,255,,,,,
,,,,,,,,,,,,,,,,,,,,,,,,,,,,,,,,,,,,,,,,,,,3742,0,880,512,,,,,,,1019,24,920,62,,4382,0,440,272,,,,,
,,,,,,,,,,,,,,,,,,,,,,,,,,,,,,,,,,,,,,,,,,,3743,177,900,512,,,,,,,1020,0,920,64,,4383,0,460,276,,,,,
,,,,,,,,,,,,,,,,,,,,,,,,,,,,,,,,,,,,,,,,,,,3744,224,900,504,,,,,,,1021,70,940,64,,4384,1,460,278,,,,,
,,,,,,,,,,,,,,,,,,,,,,,,,,,,,,,,,,,,,,,,,,,3745,0,900,500,,,,,,,1022,2,940,64,,4385,1,480,279,,,,,
,,,,,,,,,,,,,,,,,,,,,,,,,,,,,,,,,,,,,,,,,,,3746,1,880,499,,,,,,,1023,22,940,64,,4386,0,460,278,,,,,
,,,,,,,,,,,,,,,,,,,,,,,,,,,,,,,,,,,,,,,,,,,3747,0,880,500,,,,,,,1024,1,940,64,,4387,0,460,278,,,,,
,,,,,,,,,,,,,,,,,,,,,,,,,,,,,,,,,,,,,,,,,,,3748,1,860,500,,,,,,,1025,10,940,64,,4388,1,460,278,,,,,
,,,,,,,,,,,,,,,,,,,,,,,,,,,,,,,,,,,,,,,,,,,3749,12,860,517,,,,,,,1026,2,940,64,,4389,1,460,278,,,,,
,,,,,,,,,,,,,,,,,,,,,,,,,,,,,,,,,,,,,,,,,,,3750,0,880,517,,,,,,,1027,0,940,64,,4390,4,460,305,,,,,
,,,,,,,,,,,,,,,,,,,,,,,,,,,,,,,,,,,,,,,,,,,3751,0,880,526,,,,,,,1028,2,940,64,,4391,0,460,304,,,,,
,,,,,,,,,,,,,,,,,,,,,,,,,,,,,,,,,,,,,,,,,,,3752,49,880,526,,,,,,,1029,20,940,67,,4392,1,440,301,,,,,
,,,,,,,,,,,,,,,,,,,,,,,,,,,,,,,,,,,,,,,,,,,3753,80,880,535,,,,,,,1030,2,940,67,,4393,0,440,274,,,,,
,,,,,,,,,,,,,,,,,,,,,,,,,,,,,,,,,,,,,,,,,,,3754,0,880,535,,,,,,,1031,45,940,67,,4394,3,440,274,,,,,
,,,,,,,,,,,,,,,,,,,,,,,,,,,,,,,,,,,,,,,,,,,3755,82,860,521,,,,,,,1032,1,920,67,,4395,0,440,254,,,,,
,,,,,,,,,,,,,,,,,,,,,,,,,,,,,,,,,,,,,,,,,,,3756,31,860,517,,,,,,,1033,11,920,67,,4396,2,440,251,,,,,
,,,,,,,,,,,,,,,,,,,,,,,,,,,,,,,,,,,,,,,,,,,3757,254,860,503,,,,,,,1034,1,920,67,,4397,1,440,251,,,,,
,,,,,,,,,,,,,,,,,,,,,,,,,,,,,,,,,,,,,,,,,,,3758,3,840,503,,,,,,,1035,1,920,55,,4398,1,460,251,,,,,
,,,,,,,,,,,,,,,,,,,,,,,,,,,,,,,,,,,,,,,,,,,3759,49,840,495,,,,,,,1036,7,920,55,,4399,0,460,198,,,,,
,,,,,,,,,,,,,,,,,,,,,,,,,,,,,,,,,,,,,,,,,,,3760,51,840,495,,,,,,,1037,0,920,55,,4400,0,460,198,,,,,
,,,,,,,,,,,,,,,,,,,,,,,,,,,,,,,,,,,,,,,,,,,3761,0,840,483,,,,,,,1038,0,920,54,,4401,1,440,199,,,,,
,,,,,,,,,,,,,,,,,,,,,,,,,,,,,,,,,,,,,,,,,,,3762,0,840,483,,,,,,,1039,41,920,54,,4402,1,440,199,,,,,
,,,,,,,,,,,,,,,,,,,,,,,,,,,,,,,,,,,,,,,,,,,3763,103,840,478,,,,,,,1040,65,900,54,,4403,0,440,192,,,,,
,,,,,,,,,,,,,,,,,,,,,,,,,,,,,,,,,,,,,,,,,,,3764,0,840,478,,,,,,,1041,49,900,54,,4404,0,440,186,,,,,
,,,,,,,,,,,,,,,,,,,,,,,,,,,,,,,,,,,,,,,,,,,3765,1,840,478,,,,,,,1042,0,900,54,,4405,0,440,174,,,,,
,,,,,,,,,,,,,,,,,,,,,,,,,,,,,,,,,,,,,,,,,,,3766,0,840,486,,,,,,,1043,0,900,54,,4406,2,460,171,,,,,
,,,,,,,,,,,,,,,,,,,,,,,,,,,,,,,,,,,,,,,,,,,3767,3,840,486,,,,,,,1044,1,900,54,,4407,1,440,169,,,,,
,,,,,,,,,,,,,,,,,,,,,,,,,,,,,,,,,,,,,,,,,,,3768,0,840,486,,,,,,,1045,84,900,52,,4408,0,440,172,,,,,
,,,,,,,,,,,,,,,,,,,,,,,,,,,,,,,,,,,,,,,,,,,3769,71,820,492,,,,,,,1046,18,900,52,,4409,3,440,174,,,,,
,,,,,,,,,,,,,,,,,,,,,,,,,,,,,,,,,,,,,,,,,,,3770,31,820,512,,,,,,,1047,61,900,52,,4410,0,440,174,,,,,
,,,,,,,,,,,,,,,,,,,,,,,,,,,,,,,,,,,,,,,,,,,3771,0,820,518,,,,,,,1048,80,900,52,,4411,0,460,172,,,,,
,,,,,,,,,,,,,,,,,,,,,,,,,,,,,,,,,,,,,,,,,,,3772,0,820,518,,,,,,,1049,21,900,52,,4412,2,460,170,,,,,
,,,,,,,,,,,,,,,,,,,,,,,,,,,,,,,,,,,,,,,,,,,3773,4,820,518,,,,,,,1050,2,900,53,,4413,1,460,170,,,,,
,,,,,,,,,,,,,,,,,,,,,,,,,,,,,,,,,,,,,,,,,,,3774,26,820,522,,,,,,,1051,13,900,53,,4414,2,460,176,,,,,
,,,,,,,,,,,,,,,,,,,,,,,,,,,,,,,,,,,,,,,,,,,3775,3,820,522,,,,,,,1052,27,900,53,,4415,0,460,180,,,,,
,,,,,,,,,,,,,,,,,,,,,,,,,,,,,,,,,,,,,,,,,,,3776,2,820,522,,,,,,,1053,81,900,53,,4416,1,460,181,,,,,
,,,,,,,,,,,,,,,,,,,,,,,,,,,,,,,,,,,,,,,,,,,3777,3,820,522,,,,,,,1054,13,900,53,,4417,0,460,184,,,,,
,,,,,,,,,,,,,,,,,,,,,,,,,,,,,,,,,,,,,,,,,,,3778,9,820,522,,,,,,,1055,19,900,53,,4418,1,460,181,,,,,
,,,,,,,,,,,,,,,,,,,,,,,,,,,,,,,,,,,,,,,,,,,3779,1,800,522,,,,,,,1056,1,900,53,,4419,0,460,180,,,,,
,,,,,,,,,,,,,,,,,,,,,,,,,,,,,,,,,,,,,,,,,,,3780,1,800,520,,,,,,,1057,0,900,53,,4420,1,460,180,,,,,
,,,,,,,,,,,,,,,,,,,,,,,,,,,,,,,,,,,,,,,,,,,3781,22,800,520,,,,,,,1058,89,900,53,,4421,0,460,180,,,,,
,,,,,,,,,,,,,,,,,,,,,,,,,,,,,,,,,,,,,,,,,,,3782,0,800,520,,,,,,,1059,31,900,53,,4422,0,460,180,,,,,
,,,,,,,,,,,,,,,,,,,,,,,,,,,,,,,,,,,,,,,,,,,3783,1,800,520,,,,,,,1060,67,900,53,,4423,4,460,175,,,,,
,,,,,,,,,,,,,,,,,,,,,,,,,,,,,,,,,,,,,,,,,,,3784,4,800,537,,,,,,,1061,3,900,53,,4424,0,440,172,,,,,
,,,,,,,,,,,,,,,,,,,,,,,,,,,,,,,,,,,,,,,,,,,3785,1,800,537,,,,,,,1062,3,900,53,,4425,0,440,174,,,,,
,,,,,,,,,,,,,,,,,,,,,,,,,,,,,,,,,,,,,,,,,,,3786,19,800,537,,,,,,,1063,56,920,53,,4426,1,440,171,,,,,
,,,,,,,,,,,,,,,,,,,,,,,,,,,,,,,,,,,,,,,,,,,3787,1,800,537,,,,,,,1064,282,920,53,,4427,0,440,166,,,,,
,,,,,,,,,,,,,,,,,,,,,,,,,,,,,,,,,,,,,,,,,,,3788,14,800,557,,,,,,,1065,6,920,53,,4428,0,460,164,,,,,
,,,,,,,,,,,,,,,,,,,,,,,,,,,,,,,,,,,,,,,,,,,3789,0,800,557,,,,,,,1066,5,920,65,,4429,0,460,160,,,,,
,,,,,,,,,,,,,,,,,,,,,,,,,,,,,,,,,,,,,,,,,,,3790,1,800,557,,,,,,,1067,110,920,65,,4430,1,440,158,,,,,
,,,,,,,,,,,,,,,,,,,,,,,,,,,,,,,,,,,,,,,,,,,3791,0,800,557,,,,,,,1068,0,920,65,,4431,2,440,154,,,,,
,,,,,,,,,,,,,,,,,,,,,,,,,,,,,,,,,,,,,,,,,,,3792,3,800,557,,,,,,,1069,113,920,65,,4432,0,440,148,,,,,
,,,,,,,,,,,,,,,,,,,,,,,,,,,,,,,,,,,,,,,,,,,3793,1,800,611,,,,,,,1070,2,920,65,,4433,0,440,142,,,,,
,,,,,,,,,,,,,,,,,,,,,,,,,,,,,,,,,,,,,,,,,,,3794,2,800,611,,,,,,,1071,73,920,56,,4434,1,440,141,,,,,
,,,,,,,,,,,,,,,,,,,,,,,,,,,,,,,,,,,,,,,,,,,3795,1,800,611,,,,,,,1072,17,920,56,,4435,0,440,136,,,,,
,,,,,,,,,,,,,,,,,,,,,,,,,,,,,,,,,,,,,,,,,,,3796,1,800,611,,,,,,,1073,6,960,56,,4436,4,440,137,,,,,
,,,,,,,,,,,,,,,,,,,,,,,,,,,,,,,,,,,,,,,,,,,3797,1,780,611,,,,,,,1074,0,960,56,,4437,1,420,139,,,,,
,,,,,,,,,,,,,,,,,,,,,,,,,,,,,,,,,,,,,,,,,,,3798,0,780,612,,,,,,,1075,33,960,56,,4438,1,420,144,,,,,
,,,,,,,,,,,,,,,,,,,,,,,,,,,,,,,,,,,,,,,,,,,3799,12,780,612,,,,,,,1076,0,960,56,,4439,0,420,152,,,,,
,,,,,,,,,,,,,,,,,,,,,,,,,,,,,,,,,,,,,,,,,,,3800,0,780,612,,,,,,,1077,0,960,56,,4440,2,420,154,,,,,
,,,,,,,,,,,,,,,,,,,,,,,,,,,,,,,,,,,,,,,,,,,3801,30,800,612,,,,,,,1078,11,960,56,,4441,0,420,154,,,,,
,,,,,,,,,,,,,,,,,,,,,,,,,,,,,,,,,,,,,,,,,,,3802,4,800,626,,,,,,,1079,13,960,56,,4442,0,420,154,,,,,
,,,,,,,,,,,,,,,,,,,,,,,,,,,,,,,,,,,,,,,,,,,3803,0,800,626,,,,,,,1080,16,940,70,,4443,7,420,155,,,,,
,,,,,,,,,,,,,,,,,,,,,,,,,,,,,,,,,,,,,,,,,,,3804,1,800,624,,,,,,,1081,1,940,70,,4444,0,380,152,,,,,
,,,,,,,,,,,,,,,,,,,,,,,,,,,,,,,,,,,,,,,,,,,3805,1,800,624,,,,,,,1082,0,940,70,,4445,1,360,149,,,,,
,,,,,,,,,,,,,,,,,,,,,,,,,,,,,,,,,,,,,,,,,,,3806,3,800,631,,,,,,,1083,3,940,70,,4446,0,420,140,,,,,
,,,,,,,,,,,,,,,,,,,,,,,,,,,,,,,,,,,,,,,,,,,3807,21,800,631,,,,,,,1084,51,940,70,,4447,4,420,137,,,,,
,,,,,,,,,,,,,,,,,,,,,,,,,,,,,,,,,,,,,,,,,,,3808,4,800,631,,,,,,,1085,1,940,70,,4448,1,420,131,,,,,
,,,,,,,,,,,,,,,,,,,,,,,,,,,,,,,,,,,,,,,,,,,3809,99,800,631,,,,,,,1086,40,940,70,,4449,1,400,131,,,,,
,,,,,,,,,,,,,,,,,,,,,,,,,,,,,,,,,,,,,,,,,,,3810,8,800,631,,,,,,,1087,141,940,70,,4450,1,400,131,,,,,
,,,,,,,,,,,,,,,,,,,,,,,,,,,,,,,,,,,,,,,,,,,3811,0,800,664,,,,,,,1088,22,900,67,,4451,1,400,131,,,,,
,,,,,,,,,,,,,,,,,,,,,,,,,,,,,,,,,,,,,,,,,,,3812,0,820,662,,,,,,,1089,0,900,67,,4452,1,400,119,,,,,
,,,,,,,,,,,,,,,,,,,,,,,,,,,,,,,,,,,,,,,,,,,3813,1,820,662,,,,,,,1090,2,900,67,,4453,1,420,119,,,,,
,,,,,,,,,,,,,,,,,,,,,,,,,,,,,,,,,,,,,,,,,,,3814,209,820,665,,,,,,,1091,2,880,67,,4454,1,440,119,,,,,
,,,,,,,,,,,,,,,,,,,,,,,,,,,,,,,,,,,,,,,,,,,3815,110,800,665,,,,,,,1092,1,880,67,,4455,2,420,133,,,,,
,,,,,,,,,,,,,,,,,,,,,,,,,,,,,,,,,,,,,,,,,,,3816,0,800,665,,,,,,,1093,33,880,67,,4456,0,420,138,,,,,
,,,,,,,,,,,,,,,,,,,,,,,,,,,,,,,,,,,,,,,,,,,3817,6,800,665,,,,,,,1094,168,880,81,,4457,1,420,149,,,,,
,,,,,,,,,,,,,,,,,,,,,,,,,,,,,,,,,,,,,,,,,,,3818,2,800,665,,,,,,,1095,1,880,81,,4458,2,440,154,,,,,
,,,,,,,,,,,,,,,,,,,,,,,,,,,,,,,,,,,,,,,,,,,3819,2,800,688,,,,,,,1096,1,880,81,,4459,0,440,160,,,,,
,,,,,,,,,,,,,,,,,,,,,,,,,,,,,,,,,,,,,,,,,,,3820,40,800,688,,,,,,,1097,5,880,81,,4460,0,440,160,,,,,
,,,,,,,,,,,,,,,,,,,,,,,,,,,,,,,,,,,,,,,,,,,3821,2,800,688,,,,,,,1098,2,880,81,,4461,1,440,161,,,,,
,,,,,,,,,,,,,,,,,,,,,,,,,,,,,,,,,,,,,,,,,,,3822,224,800,700,,,,,,,1099,1,880,81,,4462,0,440,154,,,,,
,,,,,,,,,,,,,,,,,,,,,,,,,,,,,,,,,,,,,,,,,,,3823,0,800,700,,,,,,,1100,450,880,81,,4463,0,460,152,,,,,
,,,,,,,,,,,,,,,,,,,,,,,,,,,,,,,,,,,,,,,,,,,3824,0,800,700,,,,,,,1101,183,880,78,,4464,0,460,146,,,,,
,,,,,,,,,,,,,,,,,,,,,,,,,,,,,,,,,,,,,,,,,,,3825,3,820,700,,,,,,,1102,14,880,78,,4465,0,480,142,,,,,
,,,,,,,,,,,,,,,,,,,,,,,,,,,,,,,,,,,,,,,,,,,3826,65,820,700,,,,,,,1103,2,880,68,,4466,1,480,145,,,,,
,,,,,,,,,,,,,,,,,,,,,,,,,,,,,,,,,,,,,,,,,,,3827,106,820,722,,,,,,,1104,70,880,68,,4467,0,540,146,,,,,
,,,,,,,,,,,,,,,,,,,,,,,,,,,,,,,,,,,,,,,,,,,3828,0,820,722,,,,,,,1105,49,880,68,,4468,1,540,147,,,,,
,,,,,,,,,,,,,,,,,,,,,,,,,,,,,,,,,,,,,,,,,,,3829,0,820,731,,,,,,,1106,75,880,68,,4469,1,560,147,,,,,
,,,,,,,,,,,,,,,,,,,,,,,,,,,,,,,,,,,,,,,,,,,3830,6,820,715,,,,,,,1107,1,880,68,,4470,1,540,147,,,,,
,,,,,,,,,,,,,,,,,,,,,,,,,,,,,,,,,,,,,,,,,,,3831,5,820,715,,,,,,,1108,1,880,68,,4471,10,580,146,,,,,
,,,,,,,,,,,,,,,,,,,,,,,,,,,,,,,,,,,,,,,,,,,3832,205,820,715,,,,,,,1109,32,880,68,,4472,1,680,146,,,,,
,,,,,,,,,,,,,,,,,,,,,,,,,,,,,,,,,,,,,,,,,,,3833,346,820,702,,,,,,,1110,8,880,68,,4473,1,800,136,,,,,
,,,,,,,,,,,,,,,,,,,,,,,,,,,,,,,,,,,,,,,,,,,3834,1,780,702,,,,,,,1111,2,880,68,,4474,32,800,114,,,,,
,,,,,,,,,,,,,,,,,,,,,,,,,,,,,,,,,,,,,,,,,,,3835,15,780,702,,,,,,,1112,17,880,68,,4475,1,880,114,,,,,
,,,,,,,,,,,,,,,,,,,,,,,,,,,,,,,,,,,,,,,,,,,3836,0,780,702,,,,,,,1113,37,880,70,,4476,0,880,80,,,,,
,,,,,,,,,,,,,,,,,,,,,,,,,,,,,,,,,,,,,,,,,,,3837,0,780,692,,,,,,,1114,5,880,70,,4477,89,900,72,,,,,
,,,,,,,,,,,,,,,,,,,,,,,,,,,,,,,,,,,,,,,,,,,3838,0,640,692,,,,,,,1115,11,880,80,,4478,0,900,72,,,,,
,,,,,,,,,,,,,,,,,,,,,,,,,,,,,,,,,,,,,,,,,,,3839,49,420,726,,,,,,,1116,15,880,79,,4479,304,900,38,,,,,
,,,,,,,,,,,,,,,,,,,,,,,,,,,,,,,,,,,,,,,,,,,3840,4,420,756,,,,,,,1117,11,880,79,,4480,10,900,28,,,,,
,,,,,,,,,,,,,,,,,,,,,,,,,,,,,,,,,,,,,,,,,,,3841,428,420,798,,,,,,,1118,20,860,79,,4481,267,900,17,,,,,
,,,,,,,,,,,,,,,,,,,,,,,,,,,,,,,,,,,,,,,,,,,3842,428,280,915,,,,,,,1119,9,860,72,,4482,4,900,7,,,,,
,,,,,,,,,,,,,,,,,,,,,,,,,,,,,,,,,,,,,,,,,,,3843,428,240,1043,,,,,,,1120,36,860,70,,4483,0,900,7,,,,,
,,,,,,,,,,,,,,,,,,,,,,,,,,,,,,,,,,,,,,,,,,,3844,30,200,1133,,,,,,,1121,23,840,70,,4484,68,920,7,,,,,
,,,,,,,,,,,,,,,,,,,,,,,,,,,,,,,,,,,,,,,,,,,3845,30,180,1320,,,,,,,1122,4,840,68,,4485,2,920,8,,,,,
,,,,,,,,,,,,,,,,,,,,,,,,,,,,,,,,,,,,,,,,,,,3846,30,180,1601,,,,,,,1123,102,840,68,,4486,118,940,9,,,,,
,,,,,,,,,,,,,,,,,,,,,,,,,,,,,,,,,,,,,,,,,,,3847,30,160,1943,,,,,,,1124,190,860,68,,4487,0,940,9,,,,,
,,,,,,,,,,,,,,,,,,,,,,,,,,,,,,,,,,,,,,,,,,,3848,30,120,2380,,,,,,,1125,47,860,76,,4488,7,940,13,,,,,
,,,,,,,,,,,,,,,,,,,,,,,,,,,,,,,,,,,,,,,,,,,3849,30,80,2665,,,,,,,1126,0,860,76,,4489,1,940,13,,,,,
,,,,,,,,,,,,,,,,,,,,,,,,,,,,,,,,,,,,,,,,,,,3850,30,40,3211,,,,,,,1127,47,860,76,,4490,0,940,13,,,,,
,,,,,,,,,,,,,,,,,,,,,,,,,,,,,,,,,,,,,,,,,,,3851,30,20,3868,,,,,,,1128,10,860,64,,4491,76,1000,10,,,,,
,,,,,,,,,,,,,,,,,,,,,,,,,,,,,,,,,,,,,,,,,,,3852,30,20,5146,,,,,,,1129,68,840,64,,4492,1,1020,10,,,,,
,,,,,,,,,,,,,,,,,,,,,,,,,,,,,,,,,,,,,,,,,,,3853,30,20,6228,,,,,,,1130,227,840,60,,4493,1,960,8,,,,,
,,,,,,,,,,,,,,,,,,,,,,,,,,,,,,,,,,,,,,,,,,,3854,30,20,8671,,,,,,,1131,17,840,60,,4494,19,940,8,,,,,
,,,,,,,,,,,,,,,,,,,,,,,,,,,,,,,,,,,,,,,,,,,3855,30,20,7167,,,,,,,1132,23,840,60,,4495,82,1040,8,,,,,
,,,,,,,,,,,,,,,,,,,,,,,,,,,,,,,,,,,,,,,,,,,3856,30,60,7167,,,,,,,1133,13,840,62,,4496,22,1040,8,,,,,
,,,,,,,,,,,,,,,,,,,,,,,,,,,,,,,,,,,,,,,,,,,3857,30,40,7167,,,,,,,1134,1,840,62,,4497,22,1020,4,,,,,
,,,,,,,,,,,,,,,,,,,,,,,,,,,,,,,,,,,,,,,,,,,3858,30,40,3538,,,,,,,1135,7,840,62,,4498,0,1020,5,,,,,
,,,,,,,,,,,,,,,,,,,,,,,,,,,,,,,,,,,,,,,,,,,3859,30,40,0,,,,,,,1136,0,840,62,,4499,0,1000,8,,,,,
,,,,,,,,,,,,,,,,,,,,,,,,,,,,,,,,,,,,,,,,,,,3860,30,80,0,,,,,,,1137,16,840,62,,4500,0,1000,10,,,,,
,,,,,,,,,,,,,,,,,,,,,,,,,,,,,,,,,,,,,,,,,,,3861,30,60,0,,,,,,,1138,0,840,65,,4501,48,1000,10,,,,,
,,,,,,,,,,,,,,,,,,,,,,,,,,,,,,,,,,,,,,,,,,,3862,30,40,0,,,,,,,1139,8,840,65,,4502,167,1000,13,,,,,
,,,,,,,,,,,,,,,,,,,,,,,,,,,,,,,,,,,,,,,,,,,3863,30,20,0,,,,,,,1140,4,840,64,,4503,14,960,13,,,,,
,,,,,,,,,,,,,,,,,,,,,,,,,,,,,,,,,,,,,,,,,,,3864,30,20,0,,,,,,,1141,3,840,64,,4504,161,960,12,,,,,
,,,,,,,,,,,,,,,,,,,,,,,,,,,,,,,,,,,,,,,,,,,,,,,,,,,,,1142,167,880,64,,4505,161,960,10,,,,,
,,,,,,,,,,,,,,,,,,,,,,,,,,,,,,,,,,,,,,,,,,,,,,,,,,,,,1143,2,880,69,,4506,0,960,10,,,,,
,,,,,,,,,,,,,,,,,,,,,,,,,,,,,,,,,,,,,,,,,,,,,,,,,,,,,1144,10,880,69,,4507,1,920,11,,,,,
,,,,,,,,,,,,,,,,,,,,,,,,,,,,,,,,,,,,,,,,,,,,,,,,,,,,,1145,6,880,69,,4508,46,900,11,,,,,
,,,,,,,,,,,,,,,,,,,,,,,,,,,,,,,,,,,,,,,,,,,,,,,,,,,,,1146,933,860,69,,4509,0,900,11,,,,,
,,,,,,,,,,,,,,,,,,,,,,,,,,,,,,,,,,,,,,,,,,,,,,,,,,,,,1147,9,860,60,,4510,294,900,22,,,,,
,,,,,,,,,,,,,,,,,,,,,,,,,,,,,,,,,,,,,,,,,,,,,,,,,,,,,1148,0,860,60,,4511,0,880,19,,,,,
,,,,,,,,,,,,,,,,,,,,,,,,,,,,,,,,,,,,,,,,,,,,,,,,,,,,,1149,4,860,64,,4512,94,880,19,,,,,
,,,,,,,,,,,,,,,,,,,,,,,,,,,,,,,,,,,,,,,,,,,,,,,,,,,,,1150,8,860,64,,4513,882,860,22,,,,,
,,,,,,,,,,,,,,,,,,,,,,,,,,,,,,,,,,,,,,,,,,,,,,,,,,,,,1151,44,860,64,,4514,1,860,29,,,,,
,,,,,,,,,,,,,,,,,,,,,,,,,,,,,,,,,,,,,,,,,,,,,,,,,,,,,1152,0,860,64,,4515,291,900,31,,,,,
,,,,,,,,,,,,,,,,,,,,,,,,,,,,,,,,,,,,,,,,,,,,,,,,,,,,,1153,3,860,64,,4516,54,900,38,,,,,
,,,,,,,,,,,,,,,,,,,,,,,,,,,,,,,,,,,,,,,,,,,,,,,,,,,,,1154,4,860,57,,4517,1,940,44,,,,,
,,,,,,,,,,,,,,,,,,,,,,,,,,,,,,,,,,,,,,,,,,,,,,,,,,,,,1155,1,860,57,,4518,0,900,39,,,,,
,,,,,,,,,,,,,,,,,,,,,,,,,,,,,,,,,,,,,,,,,,,,,,,,,,,,,1156,1,860,66,,4519,1,900,38,,,,,
,,,,,,,,,,,,,,,,,,,,,,,,,,,,,,,,,,,,,,,,,,,,,,,,,,,,,1157,1,860,66,,4520,196,880,41,,,,,
,,,,,,,,,,,,,,,,,,,,,,,,,,,,,,,,,,,,,,,,,,,,,,,,,,,,,1158,2,860,66,,4521,196,880,29,,,,,
,,,,,,,,,,,,,,,,,,,,,,,,,,,,,,,,,,,,,,,,,,,,,,,,,,,,,1159,1,860,69,,4522,0,860,34,,,,,
,,,,,,,,,,,,,,,,,,,,,,,,,,,,,,,,,,,,,,,,,,,,,,,,,,,,,1160,70,860,69,,4523,31,840,38,,,,,
,,,,,,,,,,,,,,,,,,,,,,,,,,,,,,,,,,,,,,,,,,,,,,,,,,,,,1161,41,860,68,,4524,31,820,46,,,,,
,,,,,,,,,,,,,,,,,,,,,,,,,,,,,,,,,,,,,,,,,,,,,,,,,,,,,1162,59,860,68,,4525,221,820,55,,,,,
,,,,,,,,,,,,,,,,,,,,,,,,,,,,,,,,,,,,,,,,,,,,,,,,,,,,,1163,33,860,68,,4526,221,840,59,,,,,
,,,,,,,,,,,,,,,,,,,,,,,,,,,,,,,,,,,,,,,,,,,,,,,,,,,,,1164,0,860,68,,4527,221,860,62,,,,,
,,,,,,,,,,,,,,,,,,,,,,,,,,,,,,,,,,,,,,,,,,,,,,,,,,,,,1165,23,860,68,,4528,32,860,62,,,,,
,,,,,,,,,,,,,,,,,,,,,,,,,,,,,,,,,,,,,,,,,,,,,,,,,,,,,1166,39,860,78,,4529,32,860,66,,,,,
,,,,,,,,,,,,,,,,,,,,,,,,,,,,,,,,,,,,,,,,,,,,,,,,,,,,,1167,28,860,78,,4530,39,860,65,,,,,
,,,,,,,,,,,,,,,,,,,,,,,,,,,,,,,,,,,,,,,,,,,,,,,,,,,,,1168,2,860,77,,4531,39,840,52,,,,,
,,,,,,,,,,,,,,,,,,,,,,,,,,,,,,,,,,,,,,,,,,,,,,,,,,,,,1169,26,860,77,,4532,39,840,70,,,,,
,,,,,,,,,,,,,,,,,,,,,,,,,,,,,,,,,,,,,,,,,,,,,,,,,,,,,1170,0,860,71,,4533,31,660,70,,,,,
,,,,,,,,,,,,,,,,,,,,,,,,,,,,,,,,,,,,,,,,,,,,,,,,,,,,,1171,3,860,71,,4534,31,500,80,,,,,
,,,,,,,,,,,,,,,,,,,,,,,,,,,,,,,,,,,,,,,,,,,,,,,,,,,,,1172,34,860,71,,4535,31,380,90,,,,,
,,,,,,,,,,,,,,,,,,,,,,,,,,,,,,,,,,,,,,,,,,,,,,,,,,,,,1173,10,860,71,,4536,31,300,96,,,,,
,,,,,,,,,,,,,,,,,,,,,,,,,,,,,,,,,,,,,,,,,,,,,,,,,,,,,1174,5,860,71,,4537,31,300,102,,,,,
,,,,,,,,,,,,,,,,,,,,,,,,,,,,,,,,,,,,,,,,,,,,,,,,,,,,,1175,0,860,72,,4538,31,280,100,,,,,
,,,,,,,,,,,,,,,,,,,,,,,,,,,,,,,,,,,,,,,,,,,,,,,,,,,,,1176,4,860,72,,4539,31,240,96,,,,,
,,,,,,,,,,,,,,,,,,,,,,,,,,,,,,,,,,,,,,,,,,,,,,,,,,,,,1177,48,860,72,,4540,31,240,93,,,,,
,,,,,,,,,,,,,,,,,,,,,,,,,,,,,,,,,,,,,,,,,,,,,,,,,,,,,1178,2,860,72,,4541,0,260,93,,,,,
,,,,,,,,,,,,,,,,,,,,,,,,,,,,,,,,,,,,,,,,,,,,,,,,,,,,,1179,30,860,72,,4542,0,300,93,,,,,
,,,,,,,,,,,,,,,,,,,,,,,,,,,,,,,,,,,,,,,,,,,,,,,,,,,,,1180,0,860,72,,4543,0,300,95,,,,,
,,,,,,,,,,,,,,,,,,,,,,,,,,,,,,,,,,,,,,,,,,,,,,,,,,,,,1181,50,860,72,,4544,0,300,89,,,,,
,,,,,,,,,,,,,,,,,,,,,,,,,,,,,,,,,,,,,,,,,,,,,,,,,,,,,1182,3,860,72,,4545,0,300,85,,,,,
,,,,,,,,,,,,,,,,,,,,,,,,,,,,,,,,,,,,,,,,,,,,,,,,,,,,,1183,55,860,72,,4546,424,300,80,,,,,
,,,,,,,,,,,,,,,,,,,,,,,,,,,,,,,,,,,,,,,,,,,,,,,,,,,,,1184,0,860,72,,4547,424,300,82,,,,,
,,,,,,,,,,,,,,,,,,,,,,,,,,,,,,,,,,,,,,,,,,,,,,,,,,,,,1185,6,860,72,,4548,444,300,84,,,,,
,,,,,,,,,,,,,,,,,,,,,,,,,,,,,,,,,,,,,,,,,,,,,,,,,,,,,1186,33,860,72,,4549,444,300,89,,,,,
,,,,,,,,,,,,,,,,,,,,,,,,,,,,,,,,,,,,,,,,,,,,,,,,,,,,,1187,16,860,72,,4550,444,300,90,,,,,
,,,,,,,,,,,,,,,,,,,,,,,,,,,,,,,,,,,,,,,,,,,,,,,,,,,,,1188,24,860,72,,4551,422,280,93,,,,,
,,,,,,,,,,,,,,,,,,,,,,,,,,,,,,,,,,,,,,,,,,,,,,,,,,,,,1189,7,860,72,,4552,422,280,96,,,,,
,,,,,,,,,,,,,,,,,,,,,,,,,,,,,,,,,,,,,,,,,,,,,,,,,,,,,1190,18,860,72,,4553,427,260,100,,,,,
,,,,,,,,,,,,,,,,,,,,,,,,,,,,,,,,,,,,,,,,,,,,,,,,,,,,,1191,0,860,72,,4554,427,280,102,,,,,
,,,,,,,,,,,,,,,,,,,,,,,,,,,,,,,,,,,,,,,,,,,,,,,,,,,,,1192,18,860,72,,4555,427,260,104,,,,,
,,,,,,,,,,,,,,,,,,,,,,,,,,,,,,,,,,,,,,,,,,,,,,,,,,,,,1193,24,860,72,,4556,427,260,102,,,,,
,,,,,,,,,,,,,,,,,,,,,,,,,,,,,,,,,,,,,,,,,,,,,,,,,,,,,1194,36,860,72,,4557,0,240,98,,,,,
,,,,,,,,,,,,,,,,,,,,,,,,,,,,,,,,,,,,,,,,,,,,,,,,,,,,,1195,1,860,72,,4558,0,240,94,,,,,
,,,,,,,,,,,,,,,,,,,,,,,,,,,,,,,,,,,,,,,,,,,,,,,,,,,,,1196,39,860,83,,4559,0,260,94,,,,,
,,,,,,,,,,,,,,,,,,,,,,,,,,,,,,,,,,,,,,,,,,,,,,,,,,,,,1197,14,860,83,,4560,0,260,92,,,,,
,,,,,,,,,,,,,,,,,,,,,,,,,,,,,,,,,,,,,,,,,,,,,,,,,,,,,1198,3,860,83,,4561,0,280,99,,,,,
,,,,,,,,,,,,,,,,,,,,,,,,,,,,,,,,,,,,,,,,,,,,,,,,,,,,,1199,52,840,83,,4562,426,260,108,,,,,
,,,,,,,,,,,,,,,,,,,,,,,,,,,,,,,,,,,,,,,,,,,,,,,,,,,,,1200,28,840,83,,4563,426,240,114,,,,,
,,,,,,,,,,,,,,,,,,,,,,,,,,,,,,,,,,,,,,,,,,,,,,,,,,,,,1201,2,840,81,,4564,426,240,121,,,,,
,,,,,,,,,,,,,,,,,,,,,,,,,,,,,,,,,,,,,,,,,,,,,,,,,,,,,1202,5,840,81,,4565,426,240,125,,,,,
,,,,,,,,,,,,,,,,,,,,,,,,,,,,,,,,,,,,,,,,,,,,,,,,,,,,,1203,17,840,81,,4566,426,220,126,,,,,
,,,,,,,,,,,,,,,,,,,,,,,,,,,,,,,,,,,,,,,,,,,,,,,,,,,,,1204,3,840,81,,4567,426,220,125,,,,,
,,,,,,,,,,,,,,,,,,,,,,,,,,,,,,,,,,,,,,,,,,,,,,,,,,,,,1205,349,840,81,,4568,426,220,122,,,,,
,,,,,,,,,,,,,,,,,,,,,,,,,,,,,,,,,,,,,,,,,,,,,,,,,,,,,1206,1,840,81,,4569,426,220,121,,,,,
,,,,,,,,,,,,,,,,,,,,,,,,,,,,,,,,,,,,,,,,,,,,,,,,,,,,,1207,2,840,81,,4570,426,220,122,,,,,
,,,,,,,,,,,,,,,,,,,,,,,,,,,,,,,,,,,,,,,,,,,,,,,,,,,,,1208,30,840,85,,4571,426,240,120,,,,,
,,,,,,,,,,,,,,,,,,,,,,,,,,,,,,,,,,,,,,,,,,,,,,,,,,,,,1209,6,780,85,,4572,421,240,120,,,,,
,,,,,,,,,,,,,,,,,,,,,,,,,,,,,,,,,,,,,,,,,,,,,,,,,,,,,1210,4,780,85,,4573,421,240,118,,,,,
,,,,,,,,,,,,,,,,,,,,,,,,,,,,,,,,,,,,,,,,,,,,,,,,,,,,,1211,0,780,94,,4574,421,260,116,,,,,
,,,,,,,,,,,,,,,,,,,,,,,,,,,,,,,,,,,,,,,,,,,,,,,,,,,,,1212,47,700,94,,4575,421,240,110,,,,,
,,,,,,,,,,,,,,,,,,,,,,,,,,,,,,,,,,,,,,,,,,,,,,,,,,,,,1213,1,700,94,,4576,0,240,107,,,,,
,,,,,,,,,,,,,,,,,,,,,,,,,,,,,,,,,,,,,,,,,,,,,,,,,,,,,1214,7,700,97,,4577,0,240,107,,,,,
,,,,,,,,,,,,,,,,,,,,,,,,,,,,,,,,,,,,,,,,,,,,,,,,,,,,,1215,228,700,97,,4578,0,240,106,,,,,
,,,,,,,,,,,,,,,,,,,,,,,,,,,,,,,,,,,,,,,,,,,,,,,,,,,,,1216,5,700,97,,4579,0,240,106,,,,,
,,,,,,,,,,,,,,,,,,,,,,,,,,,,,,,,,,,,,,,,,,,,,,,,,,,,,1217,12,700,97,,4580,425,240,104,,,,,
,,,,,,,,,,,,,,,,,,,,,,,,,,,,,,,,,,,,,,,,,,,,,,,,,,,,,1218,2,700,97,,4581,425,240,102,,,,,
,,,,,,,,,,,,,,,,,,,,,,,,,,,,,,,,,,,,,,,,,,,,,,,,,,,,,1219,4,700,97,,4582,425,240,102,,,,,
,,,,,,,,,,,,,,,,,,,,,,,,,,,,,,,,,,,,,,,,,,,,,,,,,,,,,1220,9,700,97,,4583,425,240,101,,,,,
,,,,,,,,,,,,,,,,,,,,,,,,,,,,,,,,,,,,,,,,,,,,,,,,,,,,,1221,9,700,97,,4584,425,240,99,,,,,
,,,,,,,,,,,,,,,,,,,,,,,,,,,,,,,,,,,,,,,,,,,,,,,,,,,,,1222,46,700,114,,4585,425,240,100,,,,,
,,,,,,,,,,,,,,,,,,,,,,,,,,,,,,,,,,,,,,,,,,,,,,,,,,,,,1223,14,700,114,,4586,426,220,99,,,,,
,,,,,,,,,,,,,,,,,,,,,,,,,,,,,,,,,,,,,,,,,,,,,,,,,,,,,1224,3,700,114,,4587,426,200,102,,,,,
,,,,,,,,,,,,,,,,,,,,,,,,,,,,,,,,,,,,,,,,,,,,,,,,,,,,,1225,14,700,114,,4588,426,140,106,,,,,
,,,,,,,,,,,,,,,,,,,,,,,,,,,,,,,,,,,,,,,,,,,,,,,,,,,,,1226,19,700,114,,4589,426,60,113,,,,,
,,,,,,,,,,,,,,,,,,,,,,,,,,,,,,,,,,,,,,,,,,,,,,,,,,,,,1227,33,580,114,,4590,426,60,117,,,,,
,,,,,,,,,,,,,,,,,,,,,,,,,,,,,,,,,,,,,,,,,,,,,,,,,,,,,1228,0,580,114,,4591,421,60,123,,,,,
,,,,,,,,,,,,,,,,,,,,,,,,,,,,,,,,,,,,,,,,,,,,,,,,,,,,,1229,26,580,114,,4592,421,60,130,,,,,
,,,,,,,,,,,,,,,,,,,,,,,,,,,,,,,,,,,,,,,,,,,,,,,,,,,,,1230,448,580,114,,4593,421,60,134,,,,,
,,,,,,,,,,,,,,,,,,,,,,,,,,,,,,,,,,,,,,,,,,,,,,,,,,,,,1231,19,580,114,,4594,421,60,135,,,,,
,,,,,,,,,,,,,,,,,,,,,,,,,,,,,,,,,,,,,,,,,,,,,,,,,,,,,1232,27,580,114,,4595,424,60,138,,,,,
,,,,,,,,,,,,,,,,,,,,,,,,,,,,,,,,,,,,,,,,,,,,,,,,,,,,,1233,116,580,114,,4596,424,60,134,,,,,
,,,,,,,,,,,,,,,,,,,,,,,,,,,,,,,,,,,,,,,,,,,,,,,,,,,,,1234,0,580,150,,4597,424,60,126,,,,,
,,,,,,,,,,,,,,,,,,,,,,,,,,,,,,,,,,,,,,,,,,,,,,,,,,,,,1235,1,580,150,,4598,424,60,126,,,,,
,,,,,,,,,,,,,,,,,,,,,,,,,,,,,,,,,,,,,,,,,,,,,,,,,,,,,1236,30,500,150,,4599,430,60,145,,,,,
,,,,,,,,,,,,,,,,,,,,,,,,,,,,,,,,,,,,,,,,,,,,,,,,,,,,,1237,49,500,158,,4600,430,20,162,,,,,
,,,,,,,,,,,,,,,,,,,,,,,,,,,,,,,,,,,,,,,,,,,,,,,,,,,,,1238,3,500,158,,4601,410,20,178,,,,,
,,,,,,,,,,,,,,,,,,,,,,,,,,,,,,,,,,,,,,,,,,,,,,,,,,,,,1239,1,500,158,,4602,410,20,186,,,,,
,,,,,,,,,,,,,,,,,,,,,,,,,,,,,,,,,,,,,,,,,,,,,,,,,,,,,1240,68,500,158,,4603,410,20,218,,,,,
,,,,,,,,,,,,,,,,,,,,,,,,,,,,,,,,,,,,,,,,,,,,,,,,,,,,,1241,6,500,189,,4604,430,20,226,,,,,
,,,,,,,,,,,,,,,,,,,,,,,,,,,,,,,,,,,,,,,,,,,,,,,,,,,,,1242,210,500,201,,4605,430,20,196,,,,,
,,,,,,,,,,,,,,,,,,,,,,,,,,,,,,,,,,,,,,,,,,,,,,,,,,,,,1243,142,500,201,,4606,0,20,184,,,,,
,,,,,,,,,,,,,,,,,,,,,,,,,,,,,,,,,,,,,,,,,,,,,,,,,,,,,1244,87,500,208,,4607,0,20,176,,,,,
,,,,,,,,,,,,,,,,,,,,,,,,,,,,,,,,,,,,,,,,,,,,,,,,,,,,,1245,3,360,208,,4608,0,20,181,,,,,
,,,,,,,,,,,,,,,,,,,,,,,,,,,,,,,,,,,,,,,,,,,,,,,,,,,,,1246,425,360,256,,4609,424,20,191,,,,,
,,,,,,,,,,,,,,,,,,,,,,,,,,,,,,,,,,,,,,,,,,,,,,,,,,,,,1247,934,360,298,,4610,424,20,207,,,,,
,,,,,,,,,,,,,,,,,,,,,,,,,,,,,,,,,,,,,,,,,,,,,,,,,,,,,1248,0,280,348,,4611,427,20,213,,,,,
,,,,,,,,,,,,,,,,,,,,,,,,,,,,,,,,,,,,,,,,,,,,,,,,,,,,,1249,29,280,405,,4612,427,20,223,,,,,
,,,,,,,,,,,,,,,,,,,,,,,,,,,,,,,,,,,,,,,,,,,,,,,,,,,,,1250,0,280,468,,4613,194,20,215,,,,,
,,,,,,,,,,,,,,,,,,,,,,,,,,,,,,,,,,,,,,,,,,,,,,,,,,,,,1251,0,60,543,,4614,194,20,202,,,,,
,,,,,,,,,,,,,,,,,,,,,,,,,,,,,,,,,,,,,,,,,,,,,,,,,,,,,1252,0,60,745,,,,,,,,,,
,,,,,,,,,,,,,,,,,,,,,,,,,,,,,,,,,,,,,,,,,,,,,,,,,,,,,1253,0,60,878,,,,,,,,,,
,,,,,,,,,,,,,,,,,,,,,,,,,,,,,,,,,,,,,,,,,,,,,,,,,,,,,1254,418,60,1106,,,,,,,,,,
,,,,,,,,,,,,,,,,,,,,,,,,,,,,,,,,,,,,,,,,,,,,,,,,,,,,,1255,0,60,1409,,,,,,,,,,
,,,,,,,,,,,,,,,,,,,,,,,,,,,,,,,,,,,,,,,,,,,,,,,,,,,,,1256,0,60,1549,,,,,,,,,,
,,,,,,,,,,,,,,,,,,,,,,,,,,,,,,,,,,,,,,,,,,,,,,,,,,,,,1257,0,60,1852,,,,,,,,,,
,,,,,,,,,,,,,,,,,,,,,,,,,,,,,,,,,,,,,,,,,,,,,,,,,,,,,1258,0,60,2127,,,,,,,,,,
,,,,,,,,,,,,,,,,,,,,,,,,,,,,,,,,,,,,,,,,,,,,,,,,,,,,,1259,0,60,2337,,,,,,,,,,
,,,,,,,,,,,,,,,,,,,,,,,,,,,,,,,,,,,,,,,,,,,,,,,,,,,,,1260,0,60,2716,,,,,,,,,,
,,,,,,,,,,,,,,,,,,,,,,,,,,,,,,,,,,,,,,,,,,,,,,,,,,,,,1261,534,60,3131,,,,,,,,,,
,,,,,,,,,,,,,,,,,,,,,,,,,,,,,,,,,,,,,,,,,,,,,,,,,,,,,1262,0,60,3708,,,,,,,,,,
,,,,,,,,,,,,,,,,,,,,,,,,,,,,,,,,,,,,,,,,,,,,,,,,,,,,,1263,0,20,4214,,,,,,,,,,
,,,,,,,,,,,,,,,,,,,,,,,,,,,,,,,,,,,,,,,,,,,,,,,,,,,,,1264,679,20,5398,,,,,,,,,,
,,,,,,,,,,,,,,,,,,,,,,,,,,,,,,,,,,,,,,,,,,,,,,,,,,,,,1265,0,20,7300,,,,,,,,,,
,,,,,,,,,,,,,,,,,,,,,,,,,,,,,,,,,,,,,,,,,,,,,,,,,,,,,1266,244,20,3730,,,,,,,,,,
,,,,,,,,,,,,,,,,,,,,,,,,,,,,,,,,,,,,,,,,,,,,,,,,,,,,,1267,244,20,0,,,,,,,,,,
,,,,,,,,,,,,,,,,,,,,,,,,,,,,,,,,,,,,,,,,,,,,,,,,,,,,,1268,244,20,0,,,,,,,,,,
,,,,,,,,,,,,,,,,,,,,,,,,,,,,,,,,,,,,,,,,,,,,,,,,,,,,,1269,1000,20,0,,,,,,,,,,
,,,,,,,,,,,,,,,,,,,,,,,,,,,,,,,,,,,,,,,,,,,,,,,,,,,,,1270,1000,20,0,,,,,,,,,,
,,,,,,,,,,,,,,,,,,,,,,,,,,,,,,,,,,,,,,,,,,,,,,,,,,,,,1271,1000,20,0,,,,,,,,,,
,,,,,,,,,,,,,,,,,,,,,,,,,,,,,,,,,,,,,,,,,,,,,,,,,,,,,1272,1000,20,0,,,,,,,,,,
,,,,,,,,,,,,,,,,,,,,,,,,,,,,,,,,,,,,,,,,,,,,,,,,,,,,,1273,176,20,0,,,,,,,,,,
